{"IcoMoonType":"selection","icons":[{"icon":{"paths":["M704 640c-64 64-64 128-128 128s-128-64-192-128-128-128-128-192 64-64 128-128-128-256-192-256-192 192-192 192c0 128 131.5 387.5 256 512s384 256 512 256c0 0 192-128 192-192s-192-256-256-192z"],"tags":["phone","telephone","contact","support","call"],"defaultCode":59714,"grid":16,"attrs":[]},"attrs":[],"properties":{"ligatures":"phone, telephone","name":"phone","order":18,"id":67,"prevSize":32,"code":59714},"setIdx":0,"setId":1,"iconIdx":66},{"icon":{"paths":["M512 0c-176.732 0-320 143.268-320 320 0 320 320 704 320 704s320-384 320-704c0-176.732-143.27-320-320-320zM512 516c-108.248 0-196-87.752-196-196s87.752-196 196-196 196 87.752 196 196-87.752 196-196 196zM388 320c0-68.483 55.517-124 124-124s124 55.517 124 124c0 68.483-55.517 124-124 124s-124-55.517-124-124z"],"tags":["location","map-marker","pin"],"defaultCode":59720,"grid":16,"attrs":[]},"attrs":[],"properties":{"ligatures":"location2, map-marker2","name":"location2","order":17,"id":73,"prevSize":32,"code":59720},"setIdx":0,"setId":1,"iconIdx":72}],"height":1024,"metadata":{"name":"icomoon"},"preferences":{"showGlyphs":true,"showQuickUse":true,"showQuickUse2":true,"showSVGs":true,"fontPref":{"prefix":"icon-","metadata":{"fontFamily":"icomoon"},"metrics":{"emSize":1024,"baseline":6.25,"whitespace":50},"embed":false},"imagePref":{"prefix":"icon-","png":true,"useClassSelector":true,"color":0,"bgColor":16777215,"classSelector":".icon"},"historySize":50,"showCodes":true,"gridSize":16}}